Title,Company,Location,Tags,URL
Developer Relations Engineer,Arbitrum Foundation,Remote,"developer, web3, cryptocurrency, ethereum, security, technical, support, growth, code, education, finance, content, health, healthcare, engineer, engineering, recruitment, educational, full-time, digital nomad",https://remoteOK.com/remote-jobs/remote-developer-relations-engineer-arbitrum-foundation-1093415
Organic and Paid Growth Specialist,Interaction Design Foundation,,"marketing, content writing, education, ads, social media",https://remoteOK.com/remote-jobs/remote-organic-and-paid-growth-specialist-interaction-design-foundation-1093414
Senior Full Stack Engineer,AMK Solutions,,dev,https://remoteOK.com/remote-jobs/remote-senior-full-stack-engineer-amk-solutions-1093412
Founding Engineer,Teracy,,"dev, full stack",https://remoteOK.com/remote-jobs/remote-founding-engineer-teracy-1093410
Senior Backend Developer Node,Tether Operations Limited,,"developer, bitcoin, security, growth, financial, fintech, c++, node, leader, senior, ops, backend, digital nomad",https://remoteOK.com/remote-jobs/remote-senior-backend-developer-node-tether-operations-limited-1093406
Enterprise Cloud Architect,Liatrio,Remote,"architect, consulting, technical, support, developer, software, testing, director, code, travel, devops, financial, cloud, microsoft, management, lead, healthcare, digital nomad",https://remoteOK.com/remote-jobs/remote-enterprise-cloud-architect-liatrio-1093403
Senior WordPress Plugins Developer,Melapress,,"dev, wordpress, php, javascript, java",https://remoteOK.com/remote-jobs/remote-senior-wordpress-plugins-developer-melapress-1093402
Senior AI Engineer Python & LLM Engineer,Lemon.io,,"python, aws, gcp, azure, OpenAI, LLM, javascript, react, ruby, react native, node, blockchain, Svelte, UI/UX, design, product design, shopify, typescript, figma, wordpress, engineer, senior, dev, english, backend, full time, remote",https://remoteOK.com/remote-jobs/remote-senior-ai-engineer-python-llm-engineer-lemon-io-1093400
Senior Golang Backend Engineer,Salesforge,,"golang, software, senior, sales, golang, engineer, backend",https://remoteOK.com/remote-jobs/remote-senior-golang-backend-engineer-salesforge-1093398
Opportunity for Golang Experts > who can think and work Full Stack,Autopilot,,"golang, code, fintech, golang, engineer",https://remoteOK.com/remote-jobs/remote-opportunity-for-golang-experts-who-can-think-and-work-full-stack-autopilot-1093399
Senior Platform Engineer open across ANZ,Canva,,"golang, senior, engineer",https://remoteOK.com/remote-jobs/remote-senior-platform-engineer-open-across-anz-canva-1093391
Senior Software Engineer,Magnet Forensics,Canada,"software, reactjs, embedded, frontend, security, testing, code, git, postgresql, api, leader, senior, sales, engineer, engineering, recruitment, linux",https://remoteOK.com/remote-jobs/remote-senior-software-engineer-magnet-forensics-1093389
Freelance English Annotators,TransPerfect,,"voice, speech",https://remoteOK.com/remote-jobs/remote-freelance-english-annotators-transperfect-1093388
Principal Software Engineer,JumpCloud,,"golang, software, engineer",https://remoteOK.com/remote-jobs/remote-principal-software-engineer-jumpcloud-1093387
Registered Dietitian,Foodsmart,US,"system, founder, support, financial, video, health",https://remoteOK.com/remote-jobs/remote-registered-dietitian-foodsmart-1093385
Market Research Executive,Sprinto,Bengaluru,"security, growth, investment, operational, sales, executive",https://remoteOK.com/remote-jobs/remote-market-research-executive-sprinto-1093384
Lifecycle Marketer,Sprinto,India,"security, technical, copywriting, content, marketer, marketing, health",https://remoteOK.com/remote-jobs/remote-lifecycle-marketer-sprinto-1093383
Creative Event Producer Fully,Meeting Tomorrow,Remote - United States only,"design, training, technical, support, travel, strategy, management, lead, sales, branding, digital nomad",https://remoteOK.com/remote-jobs/remote-creative-event-producer-fully-meeting-tomorrow-1093382
Account Executive,"Swiftly, Inc.",Remote,"saas, salesforce, training, support, growth, travel, strategy, sales, executive",https://remoteOK.com/remote-jobs/remote-account-executive-swiftly-inc-1093381
Site Reliability Engineer,PayNearMe,,"golang, reliability, engineer",https://remoteOK.com/remote-jobs/remote-site-reliability-engineer-paynearme-1093380
Senior Golang Software Engineer,QAD,,"golang, software, saas, senior, golang, engineer",https://remoteOK.com/remote-jobs/remote-senior-golang-software-engineer-qad-1093376
Event Assistant,Tether Operations Limited,,"assistant, bitcoin, support, growth, travel, manager, financial, fintech, microsoft, leader, management, ops, executive",https://remoteOK.com/remote-jobs/remote-event-assistant-tether-operations-limited-1093373
Staff Physician,Vida Health,United States,"system, training, recruiter, support, test, education, management, medical, healthcare, recruitment",https://remoteOK.com/remote-jobs/remote-staff-physician-vida-health-1093372
Content and Community Lead,Ethena Labs,Globally Remote,"design, web3, defi, crypto, ethereum, growth, voice, financial, finance, strategy, lead, content, marketing, branding, digital nomad",https://remoteOK.com/remote-jobs/remote-content-and-community-lead-ethena-labs-1093370
Data Engineer Fully,SOFTGAMES,,"training, game, gaming, mobile, operations, engineer, apache",https://remoteOK.com/remote-jobs/remote-data-engineer-fully-softgames-1093369
Sales Development Representative ANZ,Hostaway,,"saas, support, growth, lead, marketing, sales, health",https://remoteOK.com/remote-jobs/remote-sales-development-representative-anz-hostaway-1093368
Personal Assistant,The Sales Centre Co.,,"assistant, support, microsoft, content, sales, non tech",https://remoteOK.com/remote-jobs/remote-personal-assistant-the-sales-centre-co-1093366
Software Engineering Team Lead,bloXroute Labs,Remote,"software, ethereum, support, testing, lead, go, engineering, backend",https://remoteOK.com/remote-jobs/remote-software-engineering-team-lead-bloxroute-labs-1093363
Flutter Developer,Gorin Systems,,"developer, design, training, technical, software, git, flutter, lead, digital nomad",https://remoteOK.com/remote-jobs/remote-flutter-developer-gorin-systems-1093360
Go web dev and infra devops,SaasEdge,,"dev, golang, linux, css, nginx, cybersecurity, htmx, DNS, Nginx",https://remoteOK.com/remote-jobs/remote-go-web-dev-and-infra-devops-saasedge-1093359
Virtual Assistant $25 Hourly,Brookview Lawncare,,customer support,https://remoteOK.com/remote-jobs/remote-virtual-assistant-25-hourly-brookview-lawncare-1093358
Onboarding Specialist French Speaking Spain Italy Portugal UK,Hostaway,,"saas, training, support, growth, sales, health",https://remoteOK.com/remote-jobs/remote-onboarding-specialist-french-speaking-spain-italy-portugal-uk-hostaway-1093357
Personal Assistant,The Sales Centre Co.,,"assistant, support, microsoft, content, sales, non tech",https://remoteOK.com/remote-jobs/remote-personal-assistant-the-sales-centre-co-1093356
Project Manager,RainFocus,"Lehi, Utah","manager, training, consulting, technical, support, software, travel, financial, microsoft, management, marketing",https://remoteOK.com/remote-jobs/remote-project-manager-rainfocus-1093355
Head of APAC BD,Jito Foundation,"Remote, Singapore &amp; HK preferred - other APAC locations considered","defi, crypto, growth, lead",https://remoteOK.com/remote-jobs/remote-head-of-apac-bd-jito-foundation-1093353
Software Development Engineer,Triple A Technologies Pte,,"golang, software, engineer",https://remoteOK.com/remote-jobs/remote-software-development-engineer-triple-a-technologies-pte-1093351
Token Plan Administrator,Toku,United States,"support, payroll, financial, education, administrator, operations, non tech",https://remoteOK.com/remote-jobs/remote-token-plan-administrator-toku-1093348
Senior Staff Engineer Infrastructure,Pryon,,"design, security, architect, technical, code, devops, cloud, management, senior, operational, engineer, engineering, digital nomad",https://remoteOK.com/remote-jobs/remote-senior-staff-engineer-infrastructure-pryon-1093343
Social Media Manager,Caiz,,"manager, crypto, system, security, support, voice, financial, finance, strategy, management, content, senior, operations, marketing",https://remoteOK.com/remote-jobs/remote-social-media-manager-caiz-1093342
Senior Backend Engineer,MoonPay,,"web3, crypto, nft, embedded, training, architect, recruiter, software, voice, manager, video, cloud, lead, senior, engineer, engineering, backend",https://remoteOK.com/remote-jobs/remote-senior-backend-engineer-moonpay-1093336
Senior UI Engineer Senior Frontend Engineer,Toku,,"frontend, ui, design, crypto, react, system, front-end, security, full-stack, technical, support, web, financial, fintech, typescript, management, senior, operations, engineer, engineering, backend, digital nomad",https://remoteOK.com/remote-jobs/remote-senior-ui-engineer-senior-frontend-engineer-toku-1093332
Blockchain Engineer,MoonPay,,"web3, defi, crypto, nft, cryptocurrency, ethereum, training, recruiter, software, voice, manager, javascript, video, typescript, mobile, engineer, engineering",https://remoteOK.com/remote-jobs/remote-blockchain-engineer-moonpay-1093331
Senior Crypto and Open Source Intelligence Specialist,Ontario Securities Commission,CA ON Toronto,"crypto, cryptocurrency, system, security, training, consulting, technical, support, web, manager, accounting, financial, education, investor, strategy, management, lead, senior, junior, operations, analytics, engineering, recruitment",https://remoteOK.com/remote-jobs/remote-senior-crypto-and-open-source-intelligence-specialist-ontario-securities-commission-1093329
Senior Systems Engineer Autonomous Vehicle Infrastructure,2100 NVIDIA USA,"US, CA, Santa Clara","design, security, python, developer, software, code, cloud, leader, management, lead, senior, operational, reliability, go, engineer, engineering, digital nomad",https://remoteOK.com/remote-jobs/remote-senior-systems-engineer-autonomous-vehicle-infrastructure-2100-nvidia-usa-1093327
Senior Production Engineer,110 Yahoo Holdings Inc.,US - United States of America,"design, security, recruiter, support, software, code, education, cloud, content, senior, operations, operational, analytics, engineer, engineering, fellowship, digital nomad",https://remoteOK.com/remote-jobs/remote-senior-production-engineer-110-yahoo-holdings-inc-1093325
Associate Senior Associate Underwriting Real Estate Finance,Forbright Bank,"Los Angeles, CA","embedded, growth, financial, finance, banking, bank, management, senior",https://remoteOK.com/remote-jobs/remote-associate-senior-associate-underwriting-real-estate-finance-forbright-bank-1093324
Software Engineer,ControlShift,,"dev, ruby, vue",https://remoteOK.com/remote-jobs/remote-software-engineer-controlshift-1093322
Sales Development Representative,Colibri Group,1 Remote,"software, education, microsoft, lead, marketing, sales",https://remoteOK.com/remote-jobs/remote-sales-development-representative-colibri-group-1093321
Business Development Executive,Notabene,,"saas, crypto, cryptocurrency, support, travel, manager, financial, rails, sales, executive",https://remoteOK.com/remote-jobs/remote-business-development-executive-notabene-1093319
Rater the United States,TELUS Digital,,"quality assurance, other",https://remoteOK.com/remote-jobs/remote-rater-the-united-states-telus-digital-1093315
Senior Backend Software Engineer,Bitwise Asset Management,Remote,"software, design, crypto, bitcoin, ethereum, system, code, financial, investment, finance, cloud, node.js, exec, management, senior, operational, analytics, reliability, engineer, engineering, backend, digital nomad",https://remoteOK.com/remote-jobs/remote-senior-backend-software-engineer-bitwise-asset-management-1093313
Senior Application Security Engineer,Loop,,"security, technical, support, software, testing, code, serverless, cloud, management, lead, senior, engineer, engineering",https://remoteOK.com/remote-jobs/remote-senior-application-security-engineer-loop-1093311
Virtual Assistant Latin America,Walter,,english,https://remoteOK.com/remote-jobs/remote-virtual-assistant-latin-america-walter-1093309
Advogada Junior Trabalhista,Neon Pagamentos,Remoto,junior,https://remoteOK.com/remote-jobs/remote-advogada-junior-trabalhista-neon-pagamentos-1093307
Senior AI Marketing Video Editor,EverAI,,"marketing, full time, video",https://remoteOK.com/remote-jobs/remote-senior-ai-marketing-video-editor-everai-1093304
Sales Development Representative Europe,Hostaway,,"saas, support, growth, lead, marketing, sales, health",https://remoteOK.com/remote-jobs/remote-sales-development-representative-europe-hostaway-1093301
Senior Product Manager Payments Europe,Hostaway,,"manager, saas, security, growth, management, senior, health",https://remoteOK.com/remote-jobs/remote-senior-product-manager-payments-europe-hostaway-1093300
Account Executive,Leadr ,United States,"hr, teach, training, support, software, growth, web, manager, leader, sales, go, executive",https://remoteOK.com/remote-jobs/remote-account-executive-leadr-1093299
Sales Engineer EN,Tameson,,"technical, software, marketing, sales, engineer, ecommerce",https://remoteOK.com/remote-jobs/remote-sales-engineer-en-tameson-1093298
Social Media Manager,Caiz,,"manager, crypto, system, security, support, voice, financial, finance, strategy, management, content, senior, operations, marketing",https://remoteOK.com/remote-jobs/remote-social-media-manager-caiz-1093296
Lead Data Engineer,Open Architects,,"engineer, dev, devops, python, data, dataops",https://remoteOK.com/remote-jobs/remote-lead-data-engineer-open-architects-1093295
Senior DevOps Engineer,EasyPost,Remote,"design, security, architect, technical, support, growth, devops, education, serverless, cloud, api, administrator, management, lead, senior, junior, operations, engineer, engineering, linux, digital nomad",https://remoteOK.com/remote-jobs/remote-senior-devops-engineer-easypost-1093294
Data Analyst Canada Wide,Newton,"Toronto, Ontario","analyst, crypto, python, financial, operational, analytics",https://remoteOK.com/remote-jobs/remote-data-analyst-canada-wide-newton-1093292
Product Engineer,Zen Educate,London,"design, amazon, react, system, frontend, teacher, recruiter, support, growth, manager, financial, education, ruby, rails, mobile, lead, operations, heroku, engineer, engineering, backend, digital nomad",https://remoteOK.com/remote-jobs/remote-product-engineer-zen-educate-1093291
Data Scientist,The Voleon Group,United States or Remote,"support, software, financial, investment, finance, health, executive",https://remoteOK.com/remote-jobs/remote-data-scientist-the-voleon-group-1093286
Principal DevSecOps Engineer,Second Front Systems,Remote,"saas, security, game, support, software, code, cloud, strategy, operations, go, golang, health, engineer",https://remoteOK.com/remote-jobs/remote-principal-devsecops-engineer-second-front-systems-1093284
Software Engineer II,Everbridge ,United States,"software, system, front-end, security, full-stack, developer, web, scrum, devops, javascript, financial, typescript, mongodb, api, management, health, engineer, engineering, digital nomad",https://remoteOK.com/remote-jobs/remote-software-engineer-ii-everbridge-1093283
Video Editor and Content Creator,Ritual,Remote,"technical, support, test, growth, web, voice, video, ads, content, marketing, legal, health, e-commerce",https://remoteOK.com/remote-jobs/remote-video-editor-and-content-creator-ritual-1093277
Senior React Native SDK Engineer,Nami ML,,"dev, javascript, react native, mobile, typescript",https://remoteOK.com/remote-jobs/remote-senior-react-native-sdk-engineer-nami-ml-1093276
Ruby on Rails Engineer,EverAI,,"front end, ruby",https://remoteOK.com/remote-jobs/remote-ruby-on-rails-engineer-everai-1093272
Senior Backend Engineer,Raya,Remote,"design, system, training, technical, support, software, ux, elasticsearch, node.js, lead, senior, go, engineer, engineering, educational, backend, digital nomad",https://remoteOK.com/remote-jobs/remote-senior-backend-engineer-raya-1093271
UX Designer II,Zeta,Bangalore,"ux, design, front-end, designer, support, banking, senior, digital nomad",https://remoteOK.com/remote-jobs/remote-ux-designer-ii-zeta-1093268
Tech Cofounder CTO,Founders Factory,,"dev, full stack, api, engineer, senior, mobile",https://remoteOK.com/remote-jobs/remote-tech-cofounder-cto-founders-factory-1093267
Meta Ads Specialist,97Focus,,marketing,https://remoteOK.com/remote-jobs/remote-meta-ads-specialist-97focus-1093265
DeFi Sales & Business Development Manager,HELIX,,"defi, manager, web3, crypto, growth, investor, strategy, marketing, sales",https://remoteOK.com/remote-jobs/remote-defi-sales-business-development-manager-helix-1093261
Senior Backend Engineer,HockeyStack,,"dev, javascript, backend, api, engineer",https://remoteOK.com/remote-jobs/remote-senior-backend-engineer-hockeystack-1093257
Frontend Software Engineer,Bitwise Asset Management,Remote,"frontend, software, design, crypto, bitcoin, ethereum, ui, ux, code, financial, investment, finance, css, typescript, exec, management, lead, marketing, analytics, engineer, engineering, digital nomad",https://remoteOK.com/remote-jobs/remote-frontend-software-engineer-bitwise-asset-management-1093256
Wattpad Marketing Intern,WEBTOON Entertainment Inc. (Wattpad &amp; WEBTOON Family of Brands),"Toronto, Ontario","software, management, content, marketing, internship",https://remoteOK.com/remote-jobs/remote-wattpad-marketing-intern-webtoon-entertainment-inc-wattpad-amp-webtoon-family-of-brands-1093255
Senior Full stack Developer,Lemon.io,,"engineer, senior, dev, javascript, backend, full stack, design, react, saas, full time, ruby, python, node, crypto, web dev, nosql, shopify, wordpress, blockchain, web3, typescript, aws, solidity, pyton, django, startup, azure, figma, next, gcp, remote, PostgreSQL",https://remoteOK.com/remote-jobs/remote-senior-full-stack-developer-lemon-io-1093252
Senior Account Lead,Sanctuary Computer,,"dev, exec, sys admin, saas, devops",https://remoteOK.com/remote-jobs/remote-senior-account-lead-sanctuary-computer-1093250
Developer Productivity Engineer,Narwhal Technologies Inc.,Remote,"developer, training, technical, support, travel, cloud, lead, senior, sales, engineer, engineering, digital nomad",https://remoteOK.com/remote-jobs/remote-developer-productivity-engineer-narwhal-technologies-inc-1093249
Growth Analyst Financial Institutions Group,Anchorage Digital,United States,"growth, analyst, crypto, security, support, financial, finance, bank, strategy, legal",https://remoteOK.com/remote-jobs/remote-growth-analyst-financial-institutions-group-anchorage-digital-1093248
Paid Media Designer,Flex,Remote,"design, designer, software, testing, test, growth, manager, financial, video, finance, fintech, ads, content, marketing, analytics, legal, digital nomad",https://remoteOK.com/remote-jobs/remote-paid-media-designer-flex-1093247
Spanish Speaking Software Support Engineer,Payara,,"dev, engineer, java",https://remoteOK.com/remote-jobs/remote-spanish-speaking-software-support-engineer-payara-1093246
Full Stack .NET Developer,Smart Working Solutions,,"developer, jira, front-end, back-end, technical, code, web, devops, javascript, microsoft, management, full-time, digital nomad",https://remoteOK.com/remote-jobs/remote-full-stack-net-developer-smart-working-solutions-1093245
Typescript Engineer,wander.com,,dev,https://remoteOK.com/remote-jobs/remote-typescript-engineer-wander-com-1093244
AI Technical Program Manager,Dscout,United States,"manager, full-stack, technical, support, software, test, growth, code, education, leader, lead, content, senior",https://remoteOK.com/remote-jobs/remote-ai-technical-program-manager-dscout-1093243
Implementation Specialist,Distru,Remote,"training, cfo, technical, software, happiness, management, operations, sales, engineering, full-time",https://remoteOK.com/remote-jobs/remote-implementation-specialist-distru-1093242
Certified Medical Assistant,Everly Health,Nationwide,"assistant, technical, support, video, education, medical, health",https://remoteOK.com/remote-jobs/remote-certified-medical-assistant-everly-health-1093241
Research Analyst Law Librarian,"ACCUFILE, INC.",,"analyst, support, analytics, legal, non tech",https://remoteOK.com/remote-jobs/remote-research-analyst-law-librarian-accufile-inc-1093240
Project Manager,RainFocus,"Lehi, Utah","manager, training, consulting, technical, support, software, travel, financial, microsoft, management, marketing",https://remoteOK.com/remote-jobs/remote-project-manager-rainfocus-1093239
Software Engineer II Android,AllTrails,Remote,"software, design, training, testing, test, ui, education, investment, java, mobile, android, go, engineer, digital nomad",https://remoteOK.com/remote-jobs/remote-software-engineer-ii-android-alltrails-1093238
Psychotherapist,Athena,"New York, NY","health, non tech",https://remoteOK.com/remote-jobs/remote-psychotherapist-athena-1093237
Editorial Writer,Huckleberry Labs,"Los Angeles, CA","training, technical, writer, support, seo, mobile, management, content, part-time",https://remoteOK.com/remote-jobs/remote-editorial-writer-huckleberry-labs-1093236
Staff Mobile Engineer React Native Europe,Hostaway,,"react, design, ios, saas, security, technical, testing, test, growth, web, javascript, git, api, mobile, management, android, health, engineer, backend, digital nomad",https://remoteOK.com/remote-jobs/remote-staff-mobile-engineer-react-native-europe-hostaway-1093235
English Language Data Annotator,TransPerfect,,"react, teach, training, legal, recruitment, full-time, non tech",https://remoteOK.com/remote-jobs/remote-english-language-data-annotator-transperfect-1093234
Audio Annotator,TransPerfect,,"voice, speech",https://remoteOK.com/remote-jobs/remote-audio-annotator-transperfect-1093233
Graphic Designer Fully Position,Meeting Tomorrow,Remote - United States only,"design, designer, technical, support, voice, management, marketing, digital nomad",https://remoteOK.com/remote-jobs/remote-graphic-designer-fully-position-meeting-tomorrow-1093232
Physician,Included Health,Remote,"support, medical, health, healthcare, recruiting, non tech",https://remoteOK.com/remote-jobs/remote-physician-included-health-1093231
Freelance English Annotator United States,TransPerfect,,"voice, speech",https://remoteOK.com/remote-jobs/remote-freelance-english-annotator-united-states-transperfect-1093230
