date,company,position,location,tags,url
2025-07-22T02:00:03+00:00,Injective Labs,Government Relations Officer,,"defi, crypto, technical, growth, financial, finance, leader, strategy, lead, operations, legal, educational, executive",https://remoteok.comhttps://remoteOK.com/remote-jobs/remote-government-relations-officer-injective-labs-1093686
2025-07-21T18:00:05+00:00,Greenlight Financial Technology,Software Engineer II Full Stack,Atlanta (Remote Friendly),"software, design, technical, recruiter, support, web, finance, financial, fintech, banking, mobile, senior, reliability, health, engineer, engineering, backend, digital nomad",https://remoteok.comhttps://remoteOK.com/remote-jobs/remote-software-engineer-ii-full-stack-greenlight-financial-technology-1093682
2025-07-21T17:59:54+00:00,Crewvision,UI UX Product Designer,,design,https://remoteok.comhttps://remoteOK.com/remote-jobs/remote-ui-ux-product-designer-crewvision-1093681
2025-07-21T10:40:34+00:00,Interaction Design Foundation,Admin and Support Specialist With Love for Writing,,"content writing, customer support, writing",https://remoteok.comhttps://remoteOK.com/remote-jobs/remote-admin-and-support-specialist-with-love-for-writing-interaction-design-foundation-1093680
2025-07-21T09:00:02+00:00,dLocal,Crypto Compliance Project Manager,,"crypto, manager, cryptocurrency, support, financial, fintech, content, go, health, non tech",https://remoteok.comhttps://remoteOK.com/remote-jobs/remote-crypto-compliance-project-manager-dlocal-1093679
2025-07-21T05:00:03+00:00,OANDA Europe Ltd.,Head of CRM,London,"cryptocurrencies, support, software, growth, financial, strategy, management, lead, marketing, analytics, recruitment",https://remoteok.comhttps://remoteOK.com/remote-jobs/remote-head-of-crm-oanda-europe-ltd-1093678
2025-07-21T03:24:56+00:00,Private.Ki,Content Producer Technical Content Engineer Junior Dev,,"other, dev, writer, writing, marketing",https://remoteok.comhttps://remoteOK.com/remote-jobs/remote-content-producer-technical-content-engineer-junior-dev-private-ki-1093677
2025-07-20T00:00:07+00:00,Sword Health,Executive Assistant &amp; Office Manager,Lisboa,"manager, assistant, support, growth, travel, financial, management, sales, medical, health, executive",https://remoteok.comhttps://remoteOK.com/remote-jobs/remote-executive-assistant-amp-office-manager-sword-health-1093673
2025-07-19T03:00:05+00:00,Quantum Metric,Account Executive Retail,United States,"saas, training, support, devops, financial, education, leader, android, sales, recruitment, executive, ecommerce",https://remoteok.comhttps://remoteOK.com/remote-jobs/remote-account-executive-retail-quantum-metric-1093672
2025-07-19T02:00:03+00:00,AllTrails,Senior Product Designer,Remote,"design, ios, training, designer, testing, growth, web, lead, senior, marketing, engineering, digital nomad",https://remoteok.comhttps://remoteOK.com/remote-jobs/remote-senior-product-designer-alltrails-1093671
2025-07-19T00:00:16+00:00,CrowdGen by Appen,Data Collection Participant Photo Submission Task,Any,"training, manager",https://remoteok.comhttps://remoteOK.com/remote-jobs/remote-data-collection-participant-photo-submission-task-crowdgen-by-appen-1093670
2025-07-19T00:00:08+00:00,Aprio,Aprio PH FP&amp;A Analyst,"Clark, Pampanga","analyst, testing, growth, financial, finance, microsoft, management, senior, executive, full-time",https://remoteok.comhttps://remoteOK.com/remote-jobs/remote-aprio-ph-fpampa-analyst-aprio-1093669
2025-07-18T12:00:10+00:00,Heard,Sales Development Representative,Remote,"saas, consult, growth, voice, lead, excel, sales, health",https://remoteok.comhttps://remoteOK.com/remote-jobs/remote-sales-development-representative-heard-1093666
2025-07-18T12:00:03+00:00,Gravie,Underwriter,Remote,"design, training, technical, support, growth, financial, education, strategy, management, sales, health, healthcare, digital nomad",https://remoteok.comhttps://remoteOK.com/remote-jobs/remote-underwriter-gravie-1093665
2025-07-18T08:00:11+00:00,Sensor Tower,Full Stack Engineer,Istanbul,"jira, c#, developer, code, bank, analytics, health, engineer, recruitment, linux, full-time, digital nomad",https://remoteok.comhttps://remoteOK.com/remote-jobs/remote-full-stack-engineer-sensor-tower-1093661
2025-07-18T00:00:31+00:00,Koombea,Senior AI Python Developer,,"python, developer, software, api, senior, engineering, backend, digital nomad",https://remoteok.comhttps://remoteOK.com/remote-jobs/remote-senior-ai-python-developer-koombea-1093660
2025-07-18T00:00:24+00:00,Slate,User Support Specialist,Remote,"technical, support, lead, content, engineering",https://remoteok.comhttps://remoteOK.com/remote-jobs/remote-user-support-specialist-slate-1093659
2025-07-17T20:00:04+00:00,Proof,Senior Software Engineer,"Remote, Boston, MA Preferred","software, design, front-end, back-end, security, technical, support, growth, code, web, manager, cloud, ruby, rails, management, lead, senior, legal, go, engineer, engineering, digital nomad",https://remoteok.comhttps://remoteOK.com/remote-jobs/remote-senior-software-engineer-proof-1093658
2025-07-17T16:00:03+00:00,Egen,ML Scientist Foundation Model,"Remote, Central US","design, training, technical, support, cloud, legal, health, engineering, digital nomad",https://remoteok.comhttps://remoteOK.com/remote-jobs/remote-ml-scientist-foundation-model-egen-1093656
2025-07-17T10:00:16+00:00,Coins.ph,Exchange Operations Analyst,"Singapore, Singapore","analyst, crypto, cryptocurrencies, system, test, growth, financial, bank, admin, mobile, management, operations",https://remoteok.comhttps://remoteOK.com/remote-jobs/remote-exchange-operations-analyst-coins-ph-1093648
2025-07-17T00:00:34+00:00,Voxy Inc,Customer Success Analyst,SÃ£o Paulo,"analyst, hr, students, training, consulting, technical, education, leader, management, health",https://remoteok.comhttps://remoteOK.com/remote-jobs/remote-customer-success-analyst-voxy-inc-1093647
2025-07-17T00:00:28+00:00,City IT,QA Analyst,Any US State,"analyst, system, support, software, testing, test, scrum, qa, management, go",https://remoteok.comhttps://remoteOK.com/remote-jobs/remote-qa-analyst-city-it-1093646
2025-07-17T00:00:19+00:00,Seaport Global Holdings LLC,Investment Research Associate,Flexible,"accounting, investment, finance, senior, excel, non tech",https://remoteok.comhttps://remoteOK.com/remote-jobs/remote-investment-research-associate-seaport-global-holdings-llc-1093645
2025-07-17T00:00:10+00:00,HONK,Technical Account Manager,Remote,"manager, design, saas, training, consulting, technical, support, operations, sales, engineering, digital nomad",https://remoteok.comhttps://remoteOK.com/remote-jobs/remote-technical-account-manager-honk-1093644
2025-07-16T19:00:03+00:00,The Block,Sales Director,Remote within United States,"director, crypto, cryptocurrency, ceo, support, growth, voice, financial, video, lead, senior, operations, sales, executive",https://remoteok.comhttps://remoteOK.com/remote-jobs/remote-sales-director-the-block-1093643
2025-07-16T14:00:01+00:00,MachineFi Lab,Developer Relations Engineer,US Remote,"developer, design, web3, crypto, cryptocurrency, technical, growth, code, travel, api, leader, marketing, engineer, engineering, digital nomad",https://remoteok.comhttps://remoteOK.com/remote-jobs/remote-developer-relations-engineer-machinefi-lab-1093641
2025-07-15T21:31:09+00:00,JLS Trading Co,Entrepreneurial Apprentice Eccentric Millionaire,,"full time, ecommerce, remote",https://remoteok.comhttps://remoteOK.com/remote-jobs/remote-entrepreneurial-apprentice-eccentric-millionaire-jls-trading-co-1093638
2025-07-15T07:21:41+00:00,Exora,Assistant Trader,,"finance, sales, crypto, junior",https://remoteok.comhttps://remoteOK.com/remote-jobs/remote-assistant-trader-exora-1093629
2025-07-14T18:00:18+00:00,Prompt,Senior DevOps Engineer,,"design, system, security, docker, developer, software, devops, investment, cloud, management, senior, reliability, healthcare, engineer, digital nomad",https://remoteok.comhttps://remoteOK.com/remote-jobs/remote-senior-devops-engineer-prompt-1093626
2025-07-14T18:00:11+00:00,Loft Orbital Solutions,Senior Security Engineer,,"security, design, software, growth, code, financial, senior, operations, health, healthcare, engineer, engineering, digital nomad",https://remoteok.comhttps://remoteOK.com/remote-jobs/remote-senior-security-engineer-loft-orbital-solutions-1093625
2025-07-14T17:49:11+00:00,FetLife,Senior DevOps Engineer,,"engineer, sys admin, ops, ruby, devops, postgres, elasticsearch, docker, redis, rust, kubernetes, google cloud, site reliability engineer",https://remoteok.comhttps://remoteOK.com/remote-jobs/remote-senior-devops-engineer-fetlife-1093624
2025-07-14T16:00:20+00:00,RYZ Labs,Manufacturing Experts AI Trainer,Remote-,"trainer, cloud",https://remoteok.comhttps://remoteOK.com/remote-jobs/remote-manufacturing-experts-ai-trainer-ryz-labs-1093623
2025-07-14T16:00:12+00:00,Management Leadership For Tomorrow,Primary Coach Career Prep,Remote,"salesforce, students, consulting, founder, support, growth, travel, financial, leader, exec, management, content, legal, health, recruitment, internship, full-time, part-time",https://remoteok.comhttps://remoteOK.com/remote-jobs/remote-primary-coach-career-prep-management-leadership-for-tomorrow-1093622
2025-07-14T15:43:20+00:00,Jtine Co,Membership Site Support Specialist,,"backend, customer support, wordpress, WooCommerce, Email Systems, membership sites, active campaign",https://remoteok.comhttps://remoteOK.com/remote-jobs/remote-membership-site-support-specialist-jtine-co-1093621
2025-07-14T13:00:02+00:00,Tenderly,Blockchain Security Researcher,Europe OR In-Office Belgrade,"security, web3, ethereum, full-stack, support, testing, growth, serverless, cloud, node, golang",https://remoteok.comhttps://remoteOK.com/remote-jobs/remote-blockchain-security-researcher-tenderly-1093620
2025-07-12T06:08:36+00:00,HOLDON NOW,$30 Hourly Virtual Assistant USA RESIDENTS ONLY,,"admin, customer support, data entry, Customer Service",https://remoteok.comhttps://remoteOK.com/remote-jobs/remote-30-hourly-virtual-assistant-usa-residents-only-holdon-now-1093611
2025-07-11T14:43:16+00:00,lobstr.io,Backend Developer @ lobstr.io Python Scraping Celery,,"dev, python, backend, redis, remote, api, tech lead, docker, cybersecurity, architecture",https://remoteok.comhttps://remoteOK.com/remote-jobs/remote-backend-developer-lobstr-io-python-scraping-celery-lobstr-io-1093607
2025-07-11T11:00:03+00:00,Caiz,Chief Executive Officer Crypto Blockchain,,"crypto, cryptocurrency, system, security, ceo, support, voice, financial, investor, finance, fintech, leader, strategy, lead, senior, legal, executive",https://remoteok.comhttps://remoteOK.com/remote-jobs/remote-chief-executive-officer-crypto-blockchain-caiz-1093606
2025-07-10T15:00:10+00:00,Yassir,Senior Mobile iOS Engineer,,"ios, design, redis, frontend, back-end, technical, code, web, financial, fintech, cloud, mobile, senior, go, engineer, engineering, digital nomad",https://remoteok.comhttps://remoteOK.com/remote-jobs/remote-senior-mobile-ios-engineer-yassir-1093598
2025-07-10T13:00:03+00:00,Anchorage Digital,Member of Technical Staff Transparency,United States,"design, crypto, front-end, back-end, security, technical, support, software, test, growth, code, financial, finance, bank, legal, engineering, digital nomad",https://remoteok.comhttps://remoteOK.com/remote-jobs/remote-member-of-technical-staff-transparency-anchorage-digital-1093596
2025-07-10T11:00:04+00:00,Spearbit,Security Researcher,,"security, defi, ethereum, technical, senior",https://remoteok.comhttps://remoteOK.com/remote-jobs/remote-security-researcher-spearbit-1093595
2025-07-09T11:37:47+00:00,Gymflow,Customer Onboarding & Support Specialist,,"saas, customer support, onboarding",https://remoteok.comhttps://remoteOK.com/remote-jobs/remote-customer-onboarding-support-specialist-gymflow-1093589
2025-07-09T11:35:52+00:00,Prezly,Senior TS React Developer,,"front end, javascript, typescript, react",https://remoteok.comhttps://remoteOK.com/remote-jobs/remote-senior-ts-react-developer-prezly-1093588
2025-07-09T00:00:09+00:00,CloudWalk,AI Driven Engineer Ruby,SÃ£o Paulo,"technical, software, test, growth, code, financial, fintech, banking, bank, ruby, rails, management, marketing, engineer, engineering, backend",https://remoteok.comhttps://remoteOK.com/remote-jobs/remote-ai-driven-engineer-ruby-cloudwalk-1093571
2025-07-08T08:00:04+00:00,Immutable,Senior Security Engineer,Australia,"security, saas, web3, crypto, ethereum, game, gaming, technical, support, growth, leader, strategy, lead, senior, operations, health, engineer, recruitment",https://remoteok.comhttps://remoteOK.com/remote-jobs/remote-senior-security-engineer-immutable-1093568
2025-07-07T17:21:00+00:00,Loancrate,Software Engineer,,"senior, full stack, javascript, typescript, react, node, postgres, aws, tailwind, remote, startup",https://remoteok.comhttps://remoteOK.com/remote-jobs/remote-software-engineer-loancrate-1093565
2025-07-07T15:11:14+00:00,TELUS Digital,US Rater,,"social media, media, advertisement, feedback, seo, online",https://remoteok.comhttps://remoteOK.com/remote-jobs/remote-us-rater-telus-digital-1093564
2025-07-07T13:00:05+00:00,,,,,https://remoteok.comhttps://remoteOK.com/remote-jobs/remote-1093563
2025-07-07T11:31:11+00:00,AscendAd,Business Development Manager Ad Tech,,"marketing, mobile, ads",https://remoteok.comhttps://remoteOK.com/remote-jobs/remote-business-development-manager-ad-tech-ascendad-1093562
2025-07-07T09:00:04+00:00,Wintermute,Senior Developer,London / Remote,"developer, design, web3, defi, crypto, ux, code, financial, finance, leader, senior, digital nomad",https://remoteok.comhttps://remoteOK.com/remote-jobs/remote-senior-developer-wintermute-1093559
2025-07-07T07:00:03+00:00,Espresso,Partnerships Lead,Remote,"crypto, technical, developer, lead, engineering, digital nomad",https://remoteok.comhttps://remoteOK.com/remote-jobs/remote-partnerships-lead-espresso-1093557
2025-07-07T06:52:04+00:00,Remote Chess Academy,Social Media Content Creator,,"design, social media, Video editing, Content Creation",https://remoteok.comhttps://remoteOK.com/remote-jobs/remote-social-media-content-creator-remote-chess-academy-1093556
2025-07-06T13:00:02+00:00,Sumo Group,Principal Game Designer,Sumo Sheffield,"game, design, gaming, designer, support, voice, strategy, recruitment, digital nomad",https://remoteok.comhttps://remoteOK.com/remote-jobs/remote-principal-game-designer-sumo-group-1093554
2025-07-04T18:00:05+00:00,Best Egg,Lead Software Engineer II Backend,Remote / Flexible,"software, design, front-end, python, technical, support, test, growth, code, web, financial, api, mobile, lead, analytics, health, engineer, backend, digital nomad",https://remoteok.comhttps://remoteOK.com/remote-jobs/remote-lead-software-engineer-ii-backend-best-egg-1093524
2025-07-04T08:53:02+00:00,Spiralyze,UI UX Designer,,"design, Web Design, UI/UX Design",https://remoteok.comhttps://remoteOK.com/remote-jobs/remote-ui-ux-designer-spiralyze-1093520
2025-07-04T00:51:09+00:00,LaunchBrightly,Application Engineer,,"engineer, dev, javascript, front end, api, graphql, vue, typescript, dynamodb",https://remoteok.comhttps://remoteOK.com/remote-jobs/remote-application-engineer-launchbrightly-1093516
2025-07-03T17:21:47+00:00,TELUS Digital,Personalized Internet Assessor,,"User Experience, Freelancer",https://remoteok.comhttps://remoteOK.com/remote-jobs/remote-personalized-internet-assessor-telus-digital-1093511
2025-07-03T14:00:06+00:00,CoinGecko,Senior Product Manager Data,Malaysia,"manager, design, crypto, cryptocurrency, training, technical, support, test, financial, education, leader, strategy, lead, senior, junior, executive, digital nomad",https://remoteok.comhttps://remoteOK.com/remote-jobs/remote-senior-product-manager-data-coingecko-1093509
2025-07-03T13:24:01+00:00,Green Stuff World,Svelte Developer,,"dev, javascript, typescript, Svelte, tailwind, kotlin",https://remoteok.comhttps://remoteOK.com/remote-jobs/remote-svelte-developer-green-stuff-world-1093508
2025-07-03T13:00:03+00:00,ReadMe,Full Stack Engineer,,"system, technical, support, developer, growth, code, web, api, engineer, engineering, digital nomad",https://remoteok.comhttps://remoteOK.com/remote-jobs/remote-full-stack-engineer-readme-1093507
2025-07-03T12:00:03+00:00,Aurora Labs,Senior Software Engineer,Remote,"software, design, web3, defi, solidity, react, frontend, technical, developer, serverless, cloud, senior, engineer, engineering, backend, digital nomad",https://remoteok.comhttps://remoteOK.com/remote-jobs/remote-senior-software-engineer-aurora-labs-1093506
2025-07-03T10:29:22+00:00,ModelVault,Senior Software Engineer,,"dev, full stack, infra",https://remoteok.comhttps://remoteOK.com/remote-jobs/remote-senior-software-engineer-modelvault-1093504
2025-07-03T10:23:51+00:00,ModelVault,Founding Product Lead,,"infra, product manager, AI",https://remoteok.comhttps://remoteOK.com/remote-jobs/remote-founding-product-lead-modelvault-1093502
2025-07-02T19:00:02+00:00,Trunk.io,Software Engineer II,Remote US or Canada,"software, swift, front-end, full-stack, support, developer, ui, ux, code, web, node, operational, reliability, engineer, engineering, digital nomad",https://remoteok.comhttps://remoteOK.com/remote-jobs/remote-software-engineer-ii-trunk-io-1093500
2025-07-02T05:00:04+00:00,PingCAP,EMEA Solutions Engineer,"Remote in Germany, Netherlands, the United Kingdom and Ireland","design, system, technical, support, software, financial, cloud, nosql, management, content, senior, marketing, sales, engineer, linux, executive, e-commerce, digital nomad",https://remoteok.comhttps://remoteOK.com/remote-jobs/remote-emea-solutions-engineer-pingcap-1093492
2025-07-02T00:00:08+00:00,HappyCo,Customer Support Operations Lead,USA,"saas, training, support, happiness, qa, cloud, mobile, strategy, management, lead, operations, operational, recruitment, educational",https://remoteok.comhttps://remoteOK.com/remote-jobs/remote-customer-support-operations-lead-happyco-1093490
2025-07-01T10:00:02+00:00,Arbitrum Foundation,Growth Marketer,,"growth, design, web3, defi, ethereum, security, consultant, support, education, finance, strategy, management, lead, content, marketer, marketing, analytics, health, healthcare, recruitment, full-time, digital nomad",https://remoteok.comhttps://remoteOK.com/remote-jobs/remote-growth-marketer-arbitrum-foundation-1093483
2025-06-30T18:00:04+00:00,Pano AI,Senior Software Engineer Full Stack,"San Francisco, California","software, design, saas, salesforce, system, front-end, frontend, security, docker, technical, support, growth, code, web, devops, java, cloud, git, leader, senior, health, recruiting, engineer, backend, digital nomad",https://remoteok.comhttps://remoteOK.com/remote-jobs/remote-senior-software-engineer-full-stack-pano-ai-1093481
2025-06-30T16:00:05+00:00,GuideWell,Fullstack Developer JS Developer,,"developer, design, react, system, training, technical, testing, web, js, javascript, java, nodejs, mern, mobile, management, lead, senior, jquery, health, fullstack, digital nomad",https://remoteok.comhttps://remoteOK.com/remote-jobs/remote-fullstack-developer-js-developer-guidewell-1093480
2025-06-30T12:00:04+00:00,TrueML,Data Engineer II,,"design, python, technical, support, software, code, financial, cloud, senior, engineer, engineering, apache, digital nomad",https://remoteok.comhttps://remoteOK.com/remote-jobs/remote-data-engineer-ii-trueml-1093479
2025-06-29T15:00:02+00:00,Medely,Back End Engineer,,"system, technical, recruiter, support, software, code, javascript, ruby, rails, api, mobile, strategy, management, senior, healthcare, recruiting, engineer, engineering",https://remoteok.comhttps://remoteOK.com/remote-jobs/remote-back-end-engineer-medely-1093475
2025-06-29T10:15:03+00:00,DoiT,Senior Backend Engineer,,"golang, senior, engineer, engineering, backend, full-time",https://remoteok.comhttps://remoteOK.com/remote-jobs/remote-senior-backend-engineer-doit-1093474
2025-06-28T20:00:06+00:00,Medely,Staff Front End Engineer,,"design, react, graphql, architect, technical, recruiter, support, software, director, code, web, mobile, management, lead, healthcare, recruiting, engineer, engineering, digital nomad",https://remoteok.comhttps://remoteOK.com/remote-jobs/remote-staff-front-end-engineer-medely-1093473
2025-06-28T17:00:01+00:00,Commonwealth Fusion Systems,Senior Scientific Software Engineer Magnet Protection Systems,"Devens, MA","software, system, python, technical, test, growth, code, travel, lead, senior, operational, excel, engineer, full-time",https://remoteok.comhttps://remoteOK.com/remote-jobs/remote-senior-scientific-software-engineer-magnet-protection-systems-commonwealth-fusion-systems-1093472
2025-06-28T15:00:02+00:00,,,,,https://remoteok.comhttps://remoteOK.com/remote-jobs/remote-1093471
2025-06-27T19:15:03+00:00,LaunchDarkly,Staff Engineer Distributed Systems,,"golang, software, engineer",https://remoteok.comhttps://remoteOK.com/remote-jobs/remote-staff-engineer-distributed-systems-launchdarkly-1093469
2025-06-26T22:00:04+00:00,2100 NVIDIA USA,Senior Site Reliability Engineer ML Platforms,"US, CA, Santa Clara","system, python, training, support, software, code, devops, cloud, leader, management, senior, operational, reliability, go, engineer, engineering",https://remoteok.comhttps://remoteOK.com/remote-jobs/remote-senior-site-reliability-engineer-ml-platforms-2100-nvidia-usa-1093465
2025-06-26T18:15:04+00:00,Temporal,Senior Software Engineer Open Source Server,,"golang, software, senior, engineer",https://remoteok.comhttps://remoteOK.com/remote-jobs/remote-senior-software-engineer-open-source-server-temporal-1093463
2025-06-26T18:15:03+00:00,Unikraft,Golang Engineer,,"golang, software, cloud, golang, engineer",https://remoteok.comhttps://remoteOK.com/remote-jobs/remote-golang-engineer-unikraft-1093462
2025-06-26T16:15:03+00:00,Unikraft,Golang Engineer,,"golang, software, cloud, golang, engineer",https://remoteok.comhttps://remoteOK.com/remote-jobs/remote-golang-engineer-unikraft-1093459
2025-06-26T11:26:17+00:00,Orga AI,Senior Python Backend Engineer,,"dev, python, senior, backend, ops, startup, aws",https://remoteok.comhttps://remoteOK.com/remote-jobs/remote-senior-python-backend-engineer-orga-ai-1093458
2025-06-26T09:15:02+00:00,GoDevs,Go Developer Consultant,,"golang, consultant, developer, go, engineering, backend, digital nomad",https://remoteok.comhttps://remoteOK.com/remote-jobs/remote-go-developer-consultant-godevs-1093457
2025-06-26T08:00:11+00:00,Hex Trust,VP Associate Talent Acquisition,Hong Kong,"web3, crypto, hr, training, support, growth, financial, fintech, banking, strategy, lead, senior, operations, analytics, health, recruitment, branding, executive",https://remoteok.comhttps://remoteOK.com/remote-jobs/remote-vp-associate-talent-acquisition-hex-trust-1093456
2025-06-26T08:00:03+00:00,Mysten Labs,Software Engineer Interop,,"software, design, technical, support, growth, education, investment, finance, c++, reliability, engineer, digital nomad",https://remoteok.comhttps://remoteOK.com/remote-jobs/remote-software-engineer-interop-mysten-labs-1093455
2025-06-25T19:15:03+00:00,Gametime,Senior Backend Engineer II,,"golang, senior, engineer, backend",https://remoteok.comhttps://remoteOK.com/remote-jobs/remote-senior-backend-engineer-ii-gametime-1093453
2025-06-25T18:15:02+00:00,Inngest,Infrastructure Engineer,,"golang, developer, engineer, engineering, digital nomad",https://remoteok.comhttps://remoteOK.com/remote-jobs/remote-infrastructure-engineer-inngest-1093452
2025-06-25T17:36:57+00:00,Interviews Chat,React Native Developer,,"dev, react native",https://remoteok.comhttps://remoteOK.com/remote-jobs/remote-react-native-developer-interviews-chat-1093451
2025-06-25T17:17:07+00:00,Jump,Software Engineer,,"engineer, dev, full time, api",https://remoteok.comhttps://remoteOK.com/remote-jobs/remote-software-engineer-jump-1093450
2025-06-25T08:01:40+00:00,Included Health,Mental Health Therapist,Remote,"support, medical, health, healthcare, recruiting, non tech",https://remoteok.comhttps://remoteOK.com/remote-jobs/remote-mental-health-therapist-included-health-1093448
2025-06-25T00:02:14+00:00,Allegiant,Heavy Maintenance Representative,"Las Vegas, NV","director, travel, manager, financial, education, senior, non tech",https://remoteok.comhttps://remoteOK.com/remote-jobs/remote-heavy-maintenance-representative-allegiant-1093447
2025-06-25T00:01:55+00:00,TransPerfect,Freelance Screenshot Collector Chinese,,"ios, macos, content",https://remoteok.comhttps://remoteOK.com/remote-jobs/remote-freelance-screenshot-collector-chinese-transperfect-1093446
2025-06-24T20:00:23+00:00,MoonPay,Workday HR Systems Analyst,,"hr, analyst, web3, crypto, system, security, training, recruiter, support, software, voice, manager, video, lead, operations, operational",https://remoteok.comhttps://remoteOK.com/remote-jobs/remote-workday-hr-systems-analyst-moonpay-1093445
2025-06-24T20:00:17+00:00,Finoa,Information Security Officer,,"security, crypto, cryptocurrency, training, technical, support, growth, management",https://remoteok.comhttps://remoteOK.com/remote-jobs/remote-information-security-officer-finoa-1093444
2025-06-24T20:00:10+00:00,IO Global,Software Engineer Ledger IOE Cardano,,"software, web3, testing, code, finance, haskell, git, operations, engineer, engineering",https://remoteok.comhttps://remoteOK.com/remote-jobs/remote-software-engineer-ledger-ioe-cardano-io-global-1093443
2025-06-24T20:00:03+00:00,Keyrock,PR & Events Intern Digital Assets,,"design, web3, defi, crypto, nft, support, growth, manager, management, marketing, recruitment, branding, internship, digital nomad",https://remoteok.comhttps://remoteOK.com/remote-jobs/remote-pr-events-intern-digital-assets-keyrock-1093442
2025-06-24T19:15:02+00:00,OneSignal,Senior Staff Software Engineer Backend,,"golang, software, web, mobile, senior, engineer, backend",https://remoteok.comhttps://remoteOK.com/remote-jobs/remote-senior-staff-software-engineer-backend-onesignal-1093441
2025-06-24T10:15:02+00:00,Autopilot,Opportunity for Golang Experts > who can think and work Full Stack,,"golang, code, golang, engineer",https://remoteok.comhttps://remoteOK.com/remote-jobs/remote-opportunity-for-golang-experts-who-can-think-and-work-full-stack-autopilot-1093440
2025-06-24T09:44:52+00:00,Swipe Games,Senior Fullstack Developer,,"dev, front end, backend, full stack, javascript, node, react",https://remoteok.comhttps://remoteOK.com/remote-jobs/remote-senior-fullstack-developer-swipe-games-1093439
2025-06-24T08:01:21+00:00,Binkies,Customer Content Manager,,"manager, 3d, training, technical, web, video, content, recruitment, educational",https://remoteok.comhttps://remoteOK.com/remote-jobs/remote-customer-content-manager-binkies-1093438
2025-06-24T08:01:06+00:00,TransPerfect,English Language Data Annotator,,"react, teach, training, speech, management, legal, recruitment, full-time, non tech",https://remoteok.comhttps://remoteOK.com/remote-jobs/remote-english-language-data-annotator-transperfect-1093437
